Dairy,Vegetable,Fruit,Seafood,Meat,Grain,Herbs & Spices,Oils,Condiments,Sauces,Soups,Baking,Nuts & Legumes,Beverages,Other
butter,seaweed,orange,imitation crabmeat,egg,short-grain white rice,white pepper,olive oil,salt,soy sauce,chicken broth,whole wheat flour,chickpea garbanzo bean,water,tofu
coconut milk,nori,pineapple,shrimp,chicken thigh,sesame seed,garlic,rice vinegar,mayonnaise,teriyaki sauce,beef broth,all-purpose flour,peanut,sherry,egg roll wrapper
heavy cream,cucumber,coconut,tuna steak,chicken breast,panko bread crumb,ginger,vegetable oil,creamy peanut butter,chili sauce,curry paste,white sugar,garbanzo bean,orange concentrate,
plain yogurt,avocado,lemon,salmon,pork tenderloin,egg noodle,pepper,sesame oil,honey,hoisin sauce,chicken stock,cornstarch,walnut,mirin,
margarine,green onion,lime,,beef,buckwheat soba noodle,cilantro,peanut oil,monosodium glutamate,fish sauce,,orange food color,,,
low-fat plain yogurt,red chilies,,,lamb meat,white rice,black pepper,distilled white vinegar,wasabi paste,gochujang korean pepper paste,,self-rising flour,,,
sweetened condensed milk,green bell pepper,,,beef top round steak,grain rice,red pepper flake,oil,,tomato sauce,,brown sugar,,,
,green cabbage,,,chicken leg thigh,rice,masala curry powder,rice wine vinegar,,oyster sauce,,sugar,,,
,red cabbage,,,beef round steak,basmati rice,paprika,cooking spray,,ketchup,,dark brown sugar,,,
,napa cabbage,,,pork butt,rice noodle,chili powder,cooking oil,,dark soy sauce,,baking soda,,,
,red bell pepper,,,egg white,jasmine rice,mint,apple cider vinegar,,chili garlic sauce,,baking powder,,,
,carrot,,,round steak,rice vermicelli,dill,white vinegar,,worcestershire sauce,,yellow food coloring,,,
,onion,,,flank steak,rice wrapper,sumac,white wine vinegar,,garlic chili sauce,,mochiko glutinous rice flour,,,
,zucchini,,,egg yolk,soba noodle,curry powder,vinegar,,tomato paste,,lumpia wrapper,,,
,broccoli,,,beef top sirloin,,red chile pepper,canola oil,,pepper sauce,,,,,
,cabbage,,,beef flank steak,,cayenne pepper,balsamic vinegar,,green curry paste,,,,,
,nori seaweed,,,beef top sirloin steak,,garam masala,,,red curry paste,,,,,
,tomato,,,pork,,tandoori masala,,,,,,,,
,pea,,,,,oregano,,,,,,,,
,celery,,,,,five-spice powder,,,,,,,,
,red onion,,,,,cumin,,,,,,,,
,english cucumber,,,,,turmeric,,,,,,,,
,brown onion,,,,,coriander,,,,,,,,
,red potato,,,,,chile paste,,,,,,,,
,spinach,,,,,serrano,,,,,,,,
,chayote squash,,,,,basil leaf,,,,,,,,
,bok choy,,,,,red pepper,,,,,,,,
,water chestnut,,,,,basil,,,,,,,,
,chive,,,,,thai basil,,,,,,,,
,shallot,,,,,mint leaf,,,,,,,,
,bean sprout,,,,,cinnamon,,,,,,,,
,roma plum tomato,,,,,garlic powder,,,,,,,,
,yellow bell pepper,,,,,green cardamom,,,,,,,,
,mushroom,,,,,chile pepper,,,,,,,,
,yellow onion,,,,,jalapeno,,,,,,,,
,lettuce,,,,,onion powder,,,,,,,,
,snow pea,,,,,ginger garlic paste,,,,,,,,
,green bean,,,,,thai red curry paste,,,,,,,,
,iceberg lettuce,,,,,,,,,,,,,
,sugar snap pea,,,,,,,,,,,,,
,bamboo shoot,,,,,,,,,,,,,
,eggplant,,,,,,,,,,,,,
